MSME_ID,avg_consumption_last12,avg_consumption_last3,consumption_drop_pct,turnover,age,employees,loan_default,business_confidence,risk_label
MSME_0001,1398.69,1635.41,0.1692,457.25,12,11,0,2,0
MSME_0002,1144.69,857.9,-0.2505,262.59,10,12,0,2,1
MSME_0003,1459.08,1747.1,0.1974,455.91,13,9,0,1,0
MSME_0004,1809.21,2386.19,0.3189,694.57,18,13,0,3,0
MSME_0005,1106.34,1198.56,0.0834,423.63,10,11,0,4,0
MSME_0006,1106.35,1603.31,0.4492,420.14,12,5,0,5,0
MSME_0007,1831.69,1440.72,-0.2134,199.94,30,4,0,5,0
MSME_0008,1506.97,1007.92,-0.3312,207.91,13,6,0,1,1
MSME_0009,1012.21,541.86,-0.4647,99.23,12,11,0,5,1
MSME_0010,1417.02,1918.67,0.354,2320.59,0,6,0,3,0
MSME_0011,1014.63,1160.33,0.1436,116.3,7,5,0,1,1
MSME_0012,1013.71,979.35,-0.0339,201.76,11,11,0,3,0
MSME_0013,1296.78,1361.61,0.05,196.68,18,7,0,1,1
MSME_0014,434.69,303.69,-0.3014,987.25,11,11,0,5,0
MSME_0015,510.03,765.05,0.5,300.38,7,12,0,1,0
MSME_0016,975.08,987.08,0.0123,1404.93,7,6,0,2,0
MSME_0017,794.87,800.71,0.0073,205.72,28,9,0,4,0
MSME_0018,1325.7,1539.72,0.1614,533.25,20,7,0,5,0
MSME_0019,836.79,920.68,0.1003,174.98,12,10,0,4,0
MSME_0020,635.08,657.92,0.036,3446.62,11,12,0,5,0
MSME_0021,1786.26,1397.54,-0.2176,123.03,28,14,0,4,0
MSME_0022,1109.69,1218.29,0.0979,549.95,15,5,0,2,0
MSME_0023,1227.01,1779.79,0.4505,760.35,0,9,0,4,0
MSME_0024,630.1,829.44,0.3164,610.21,12,6,0,1,0
MSME_0025,982.25,1353.83,0.3783,335.19,25,12,0,4,0
MSME_0026,1244.37,1060.45,-0.1478,354.31,6,9,0,5,0
MSME_0027,739.6,541.83,-0.2674,421.5,27,4,0,3,0
MSME_0028,1350.28,1280.81,-0.0514,348.28,25,11,0,4,0
MSME_0029,959.74,953.92,-0.0061,1057.73,4,13,0,4,0
MSME_0030,1083.32,1358.0,0.2535,3679.47,7,8,0,4,0
MSME_0031,959.32,534.23,-0.4431,231.02,24,9,0,5,1
MSME_0032,1940.91,2644.27,0.3624,102.53,26,3,0,4,0
MSME_0033,1194.6,1123.52,-0.0595,369.34,13,7,0,5,0
MSME_0034,776.92,678.46,-0.1267,5322.56,22,3,0,5,0
MSME_0035,1529.02,1111.56,-0.273,180.61,29,12,0,3,1
MSME_0036,711.66,403.0,-0.4337,2077.91,12,12,0,1,1
MSME_0037,1283.55,1522.02,0.1858,2159.65,14,9,0,5,0
MSME_0038,416.13,415.44,-0.0017,231.92,22,15,0,2,0
MSME_0039,668.73,439.69,-0.3425,712.64,16,14,0,4,0
MSME_0040,1278.74,839.15,-0.3438,2055.75,14,3,0,2,0
MSME_0041,1495.39,1339.95,-0.1039,276.13,19,13,0,4,0
MSME_0042,1268.55,1772.48,0.3973,329.12,17,8,0,3,0
MSME_0043,1153.74,1055.79,-0.0849,225.5,17,10,0,5,1
MSME_0044,1079.56,652.28,-0.3958,146.24,1,7,1,1,1
MSME_0045,608.59,559.03,-0.0814,210.76,3,9,0,5,0
MSME_0046,912.06,831.64,-0.0882,118.64,29,10,0,4,0
MSME_0047,1015.74,310.59,-0.6942,417.42,0,8,0,1,1
MSME_0048,1622.85,1568.36,-0.0336,186.8,30,9,0,5,0
MSME_0049,1337.45,1233.48,-0.0777,509.68,3,7,0,1,0
MSME_0050,494.78,571.01,0.1541,85.12,17,8,0,4,1
MSME_0051,1329.63,1917.65,0.4422,561.65,4,11,0,3,0
MSME_0052,1045.97,1319.64,0.2616,928.46,18,10,0,3,0
MSME_0053,929.23,848.18,-0.0872,54.94,14,10,0,5,1
MSME_0054,1444.67,1016.14,-0.2966,586.43,27,3,0,2,1
MSME_0055,1612.4,2418.6,0.5,1377.01,7,7,0,4,0
MSME_0056,1572.51,1564.34,-0.0052,120.34,19,10,0,5,1
MSME_0057,864.31,850.04,-0.0165,2148.6,16,5,0,5,0
MSME_0058,1076.32,1048.3,-0.026,613.4,0,14,0,3,0
MSME_0059,1332.51,1371.84,0.0295,199.34,11,9,0,1,0
MSME_0060,1590.22,1501.02,-0.0561,381.55,25,12,0,4,0
MSME_0061,1008.33,843.55,-0.1634,705.09,18,7,0,1,0
MSME_0062,1125.74,949.32,-0.1567,435.29,14,9,0,4,0
MSME_0063,757.47,736.11,-0.0282,691.43,8,8,0,2,0
MSME_0064,721.52,609.06,-0.1559,160.67,6,12,0,3,0
MSME_0065,1525.01,1222.74,-0.1982,477.88,1,9,0,2,0
MSME_0066,1742.5,1754.01,0.0066,98.13,30,12,0,5,1
MSME_0067,1171.2,1073.11,-0.0837,360.96,28,3,0,3,0
MSME_0068,1601.41,2171.51,0.356,163.38,8,6,0,5,0
MSME_0069,1344.65,426.6,-0.6827,193.34,9,6,0,2,1
MSME_0070,941.95,1180.15,0.2529,1388.66,1,7,0,4,0
MSME_0071,1344.56,1736.53,0.2915,1201.48,18,13,0,5,0
MSME_0072,1815.21,838.0,-0.5383,741.84,10,6,0,1,1
MSME_0073,1185.67,1060.38,-0.1057,135.33,12,8,0,4,1
MSME_0074,1825.86,1619.79,-0.1129,294.0,9,8,0,4,0
MSME_0075,152.1,95.54,-0.3719,1357.09,13,14,0,2,1
MSME_0076,1528.76,1200.91,-0.2145,464.85,17,10,0,2,1
MSME_0077,1234.82,867.28,-0.2976,4102.41,18,9,0,3,0
MSME_0078,1080.4,1532.08,0.4181,597.84,21,9,0,3,0
MSME_0079,1236.7,1501.26,0.2139,488.85,8,5,0,1,0
MSME_0080,404.97,525.61,0.2979,296.16,24,11,0,4,0
MSME_0081,1112.13,1290.54,0.1604,461.07,6,14,0,1,0
MSME_0082,1342.85,936.95,-0.3023,346.38,27,7,0,1,1
MSME_0083,1791.16,1520.46,-0.1511,819.02,2,10,0,2,1
MSME_0084,992.69,1094.29,0.1023,1050.16,19,10,0,1,0
MSME_0085,876.6,591.24,-0.3255,183.83,5,10,0,1,1
MSME_0086,999.3,1157.44,0.1582,106.57,26,4,1,5,1
MSME_0087,1566.16,1440.74,-0.0801,64.32,20,9,0,3,0
MSME_0088,1331.5,1180.1,-0.1137,670.48,1,10,0,3,0
MSME_0089,988.1,1143.96,0.1577,133.84,28,8,0,4,1
MSME_0090,1405.31,1533.28,0.0911,46.86,5,7,0,3,0
MSME_0091,1238.83,1102.26,-0.1102,595.01,2,5,0,4,1
MSME_0092,1587.46,2015.81,0.2698,4880.48,15,17,0,5,0
MSME_0093,919.18,652.37,-0.2903,400.99,29,12,0,3,0
MSME_0094,1068.94,1212.16,0.134,933.08,7,10,0,5,0
MSME_0095,1043.16,1176.97,0.1283,437.83,1,8,0,3,0
MSME_0096,614.59,554.74,-0.0974,365.44,16,14,0,3,0
MSME_0097,1318.45,1399.58,0.0615,1011.39,8,5,0,5,0
MSME_0098,1304.42,870.34,-0.3328,301.79,29,11,0,1,1
MSME_0099,1202.05,1455.69,0.211,527.1,11,9,0,1,0
MSME_0100,1106.17,1032.91,-0.0662,556.52,2,9,0,1,1
MSME_0101,633.85,538.34,-0.1507,206.83,10,6,0,1,1
MSME_0102,1031.74,1281.68,0.2423,1087.94,0,10,0,3,0
MSME_0103,1062.91,854.49,-0.1961,338.67,22,6,0,2,1
MSME_0104,879.09,551.97,-0.3721,189.47,12,7,0,5,1
MSME_0105,1135.49,670.89,-0.4092,689.87,14,9,0,2,1
MSME_0106,1361.62,1540.68,0.1315,164.27,25,6,0,2,0
MSME_0107,1954.47,1289.74,-0.3401,414.96,4,14,0,4,0
MSME_0108,1269.83,1801.51,0.4187,399.77,20,12,0,1,0
MSME_0109,1303.02,598.76,-0.5405,1194.99,29,10,0,3,1
MSME_0110,1170.22,1643.12,0.4041,648.52,16,7,0,1,0
MSME_0111,432.49,446.66,0.0328,393.46,30,10,0,1,0
MSME_0112,1189.39,1136.85,-0.0442,913.94,30,10,0,2,0
MSME_0113,1224.09,1032.85,-0.1562,1620.04,24,4,0,4,0
MSME_0114,2185.3,2359.65,0.0798,704.73,22,8,0,1,0
MSME_0115,1123.06,1090.03,-0.0294,407.63,23,9,0,5,0
MSME_0116,1320.62,1658.47,0.2558,108.65,24,9,0,5,1
MSME_0117,1186.12,1196.26,0.0086,139.06,5,8,0,1,1
MSME_0118,732.53,745.4,0.0176,297.31,27,7,0,2,0
MSME_0119,1657.13,1473.35,-0.1109,219.31,20,6,0,2,1
MSME_0120,1500.77,1449.39,-0.0342,334.63,21,11,0,3,0
MSME_0121,1516.41,1602.77,0.057,426.94,10,6,0,4,0
MSME_0122,836.25,461.99,-0.4475,685.19,17,9,0,2,1
MSME_0123,1761.12,1132.32,-0.357,375.97,3,9,0,3,0
MSME_0124,639.26,745.26,0.1658,656.22,2,9,0,5,0
MSME_0125,1434.74,1467.33,0.0227,430.3,12,7,0,5,0
MSME_0126,2076.18,1939.16,-0.066,55.95,22,9,0,5,1
MSME_0127,803.79,791.41,-0.0154,157.7,8,8,0,1,1
MSME_0128,973.48,1038.6,0.0669,349.29,20,11,0,4,0
MSME_0129,1239.86,1047.76,-0.1549,120.34,5,8,0,3,1
MSME_0130,998.61,784.33,-0.2146,735.04,25,9,0,4,0
MSME_0131,579.73,596.52,0.029,1864.5,29,10,0,1,0
MSME_0132,1227.43,902.66,-0.2646,1364.8,27,9,0,3,0
MSME_0133,775.08,838.68,0.0821,325.89,11,7,0,3,0
MSME_0134,1389.44,770.24,-0.4456,1791.35,1,10,0,2,1
MSME_0135,832.23,1029.71,0.2373,468.09,2,8,0,4,0
MSME_0136,1819.97,1998.6,0.0981,287.99,2,9,0,4,0
MSME_0137,886.7,925.72,0.044,218.46,27,12,0,2,1
MSME_0138,1071.18,1312.91,0.2257,298.13,11,8,0,5,0
MSME_0139,1525.41,2130.03,0.3964,273.64,14,10,0,1,0
MSME_0140,707.65,872.96,0.2336,478.39,8,9,0,4,0
MSME_0141,1290.98,671.03,-0.4802,473.7,30,7,0,2,1
MSME_0142,1722.86,1137.27,-0.3399,404.66,22,7,1,3,1
MSME_0143,557.01,458.86,-0.1762,624.49,7,15,0,2,0
MSME_0144,1273.85,1256.69,-0.0135,1326.96,10,13,0,5,0
MSME_0145,1303.95,1446.62,0.1094,1042.68,15,6,0,1,1
MSME_0146,1512.73,1208.01,-0.2014,91.39,25,13,0,5,1
MSME_0147,705.22,724.04,0.0267,31.38,26,9,0,3,1
MSME_0148,671.82,531.51,-0.2088,1026.92,24,8,0,3,0
MSME_0149,1408.78,1165.23,-0.1729,102.83,21,5,0,3,1
MSME_0150,1318.79,828.64,-0.3717,322.22,3,6,0,3,0
MSME_0151,1300.2,974.1,-0.2508,125.2,27,6,0,2,1
MSME_0152,1338.58,859.47,-0.3579,66.55,0,5,0,3,1
MSME_0153,927.99,683.03,-0.264,693.3,23,8,0,3,0
MSME_0154,1292.9,1607.61,0.2434,861.91,6,10,0,2,0
MSME_0155,1317.23,978.24,-0.2573,226.67,1,8,0,3,1
MSME_0156,914.26,1371.39,0.5,30.23,23,7,0,5,0
MSME_0157,1946.31,2147.42,0.1033,233.63,27,8,0,5,1
MSME_0158,1389.53,1425.95,0.0262,596.93,4,5,0,4,0
MSME_0159,723.48,553.76,-0.2346,91.94,6,10,0,5,1
MSME_0160,1462.62,1689.44,0.1551,484.62,3,11,0,1,0
MSME_0161,810.13,677.34,-0.1639,397.3,4,12,0,1,1
MSME_0162,1514.83,1530.74,0.0105,720.03,23,12,0,1,0
MSME_0163,1663.44,2495.16,0.5,454.67,0,9,0,2,0
MSME_0164,871.73,833.36,-0.044,152.46,0,11,0,5,1
MSME_0165,1585.35,2009.14,0.2673,1334.85,14,10,0,1,0
MSME_0166,1365.11,1097.83,-0.1958,344.29,19,9,0,4,0
MSME_0167,1528.82,1484.87,-0.0287,392.56,18,4,0,2,0
MSME_0168,1958.72,2786.67,0.4227,158.66,28,6,0,4,0
MSME_0169,1101.84,907.1,-0.1767,258.97,9,8,0,5,0
MSME_0170,898.51,1287.66,0.4331,166.53,27,8,0,3,0
MSME_0171,844.19,976.68,0.1569,339.36,17,9,0,4,0
MSME_0172,873.68,733.35,-0.1606,2234.36,27,6,0,3,1
MSME_0173,1169.16,1330.62,0.1381,102.32,2,8,0,2,1
MSME_0174,1336.46,1634.68,0.2231,80.35,10,8,0,4,0
MSME_0175,1310.68,1488.21,0.1355,1756.66,14,8,0,4,0
MSME_0176,1530.87,899.3,-0.4126,327.23,30,8,0,2,1
MSME_0177,1205.2,962.01,-0.2018,206.63,26,11,0,2,1
MSME_0178,1781.41,1635.55,-0.0819,1141.28,29,8,0,1,1
MSME_0179,1094.14,1051.89,-0.0386,220.17,10,10,0,5,0
MSME_0180,2288.07,2597.34,0.1352,2504.91,16,8,0,4,0
MSME_0181,1450.27,1485.69,0.0244,794.67,16,6,0,4,0
MSME_0182,857.14,553.85,-0.3538,247.67,5,9,0,2,1
MSME_0183,771.64,829.55,0.075,3488.78,4,13,0,2,0
MSME_0184,1392.99,1577.76,0.1326,220.14,7,5,0,5,0
MSME_0185,1110.61,1243.83,0.1199,847.33,1,10,0,2,0
MSME_0186,1485.6,1857.29,0.2502,544.19,15,8,0,3,0
MSME_0187,1389.3,1651.15,0.1885,1482.88,19,10,0,3,0
MSME_0188,1170.87,1281.86,0.0948,1922.75,23,11,0,3,0
MSME_0189,861.28,828.95,-0.0375,416.55,11,7,0,3,0
MSME_0190,594.06,335.5,-0.4352,189.92,5,12,0,5,1
MSME_0191,1021.39,1110.67,0.0874,639.04,0,7,0,4,0
MSME_0192,1542.56,1591.8,0.0319,204.85,30,10,0,3,1
MSME_0193,1285.64,1347.21,0.0479,3021.13,3,10,0,2,0
MSME_0194,701.7,463.7,-0.3392,462.45,16,8,0,3,0
MSME_0195,1269.27,900.85,-0.2903,279.97,12,8,0,5,0
MSME_0196,1354.13,1683.57,0.2433,485.26,17,9,0,2,0
MSME_0197,846.46,821.16,-0.0299,104.89,4,13,0,3,0
MSME_0198,1261.49,1451.19,0.1504,152.69,29,8,0,4,0
MSME_0199,1223.28,1207.48,-0.0129,1339.99,23,5,0,2,0
MSME_0200,742.81,733.48,-0.0126,209.16,23,8,0,2,1
MSME_0201,1343.11,1631.31,0.2146,141.61,26,8,0,4,0
MSME_0202,1424.31,1212.08,-0.149,689.97,2,8,1,2,1
MSME_0203,1633.22,1639.8,0.004,1320.42,10,6,0,3,0
MSME_0204,1621.52,1401.69,-0.1356,827.95,12,8,0,2,0
MSME_0205,648.93,565.46,-0.1286,1092.31,3,7,0,3,0
MSME_0206,824.87,744.62,-0.0973,189.28,25,8,0,4,0
MSME_0207,1406.01,1455.97,0.0355,97.34,26,8,0,1,1
MSME_0208,1405.51,1209.18,-0.1397,1810.46,13,12,0,4,0
MSME_0209,1406.02,1819.3,0.2939,292.17,21,11,0,3,0
MSME_0210,2741.09,2073.22,-0.2437,313.93,10,9,0,5,0
MSME_0211,1428.36,1333.06,-0.0667,1522.63,26,12,0,4,0
MSME_0212,1654.23,1439.29,-0.1299,703.61,9,8,0,5,0
MSME_0213,1581.6,2122.1,0.3417,636.44,18,12,0,5,0
MSME_0214,1460.56,1503.12,0.0291,3515.73,17,5,0,3,0
MSME_0215,1073.89,1329.44,0.238,211.98,5,7,0,3,0
MSME_0216,1503.59,915.1,-0.3914,1020.29,26,9,0,1,1
MSME_0217,890.87,932.53,0.0468,427.1,28,13,0,2,0
MSME_0218,1105.27,1328.99,0.2024,527.73,14,7,0,4,0
MSME_0219,1005.85,1006.43,0.0006,1860.25,20,7,0,3,0
MSME_0220,1232.75,1536.46,0.2464,670.37,29,9,0,4,0
MSME_0221,2125.86,1808.43,-0.1493,691.11,9,11,0,5,0
MSME_0222,453.09,603.67,0.3323,1179.1,4,10,0,2,0
MSME_0223,1474.5,2211.76,0.5,280.07,25,14,0,1,0
MSME_0224,554.91,493.48,-0.1107,174.3,28,9,0,4,0
MSME_0225,1011.23,878.38,-0.1314,141.91,4,12,0,2,1
MSME_0226,1635.58,2197.15,0.3433,56.47,9,11,0,1,1
MSME_0227,1225.71,1685.22,0.3749,3153.31,27,12,0,4,0
MSME_0228,768.9,653.02,-0.1507,133.86,4,14,0,2,1
MSME_0229,913.88,799.6,-0.125,323.35,2,7,0,3,0
MSME_0230,1471.84,1338.72,-0.0904,305.88,22,13,0,4,0
MSME_0231,907.85,584.56,-0.3561,548.62,5,8,0,2,1
MSME_0232,1286.58,965.37,-0.2497,912.09,3,10,0,1,1
MSME_0233,1218.23,888.05,-0.271,953.82,17,6,0,2,1
MSME_0234,939.36,740.26,-0.2119,225.19,27,9,0,3,1
MSME_0235,2057.58,1998.58,-0.0287,341.34,8,11,0,4,0
MSME_0236,1453.57,1509.61,0.0386,535.17,16,10,0,4,0
MSME_0237,389.94,533.3,0.3676,314.6,28,3,0,4,0
MSME_0238,1274.58,930.97,-0.2696,2012.93,12,9,0,3,1
MSME_0239,935.29,1146.74,0.2261,659.17,26,8,0,1,0
MSME_0240,1540.97,1427.72,-0.0735,841.24,14,5,0,4,0
MSME_0241,882.99,854.41,-0.0324,782.8,29,9,0,1,0
MSME_0242,1154.11,1325.73,0.1487,1304.37,19,14,0,2,0
MSME_0243,1401.99,980.44,-0.3007,483.49,16,6,0,1,1
MSME_0244,1546.3,1663.21,0.0756,110.3,12,5,0,1,1
MSME_0245,719.88,735.44,0.0216,601.66,15,10,0,4,0
MSME_0246,1066.2,1176.14,0.1031,210.32,21,5,0,5,0
MSME_0247,1010.02,1062.84,0.0523,237.79,3,7,0,5,0
MSME_0248,938.67,1408.0,0.5,725.14,4,9,0,3,0
MSME_0249,1906.18,1564.15,-0.1794,1391.7,4,12,0,3,0
MSME_0250,1361.99,1153.95,-0.1527,412.1,8,9,0,5,0
MSME_0251,695.65,573.36,-0.1758,549.4,16,5,0,2,0
MSME_0252,1567.14,1318.17,-0.1589,2213.24,12,7,0,4,0
MSME_0253,2048.86,1681.41,-0.1793,513.24,1,10,0,4,1
MSME_0254,1612.99,2060.19,0.2773,5440.81,12,10,0,2,0
MSME_0255,592.25,790.73,0.3351,710.17,21,7,0,2,0
MSME_0256,1006.31,842.59,-0.1627,69.35,20,11,0,5,0
MSME_0257,1706.76,1317.47,-0.2281,856.92,26,7,1,3,1
MSME_0258,916.93,1006.66,0.0979,590.61,22,5,0,2,0
MSME_0259,1377.53,1159.8,-0.1581,1465.21,18,5,0,3,0
MSME_0260,1509.85,1718.57,0.1382,790.91,2,9,0,1,0
MSME_0261,829.23,854.71,0.0307,351.27,9,10,0,4,0
MSME_0262,1176.19,706.97,-0.3989,118.59,1,11,0,5,1
MSME_0263,150.0,205.03,0.3669,327.33,12,14,0,4,0
MSME_0264,790.24,1129.24,0.429,172.34,18,12,0,5,0
MSME_0265,1098.97,908.63,-0.1732,225.76,25,9,0,1,1
MSME_0266,700.89,618.94,-0.1169,726.75,16,12,0,4,0
MSME_0267,1852.96,1948.33,0.0515,2142.88,20,2,0,1,0
MSME_0268,627.94,667.89,0.0636,598.65,13,15,0,5,0
MSME_0269,1023.98,1172.09,0.1446,122.01,30,11,0,2,1
MSME_0270,1252.3,1856.59,0.4826,629.3,11,10,0,4,0
MSME_0271,1776.51,1662.39,-0.0642,1334.93,20,11,0,1,0
MSME_0272,625.66,488.28,-0.2196,219.25,11,7,0,4,1
MSME_0273,1665.27,1057.73,-0.3648,352.83,10,13,0,4,0
MSME_0274,1204.09,959.98,-0.2027,409.4,6,7,0,4,0
MSME_0275,807.4,784.56,-0.0283,184.03,3,12,0,3,1
MSME_0276,1384.84,1978.44,0.4286,771.46,18,8,0,1,0
MSME_0277,1279.62,1088.44,-0.1494,357.47,0,8,0,1,1
MSME_0278,959.91,994.42,0.0359,613.72,27,8,0,4,0
MSME_0279,1227.92,1198.32,-0.0241,166.09,30,4,0,2,1
MSME_0280,1045.87,1335.68,0.2771,260.48,23,6,0,4,0
MSME_0281,1245.41,1868.11,0.5,830.79,28,8,0,3,0
MSME_0282,1464.85,1241.14,-0.1527,277.87,2,15,0,5,0
MSME_0283,1834.41,1573.26,-0.1424,2268.7,12,10,0,3,0
MSME_0284,704.87,874.78,0.241,270.52,14,5,0,2,0
MSME_0285,2053.21,2362.17,0.1505,505.06,1,13,0,4,0
MSME_0286,419.16,604.3,0.4417,1025.15,10,10,0,1,0
MSME_0287,1139.29,1282.82,0.126,97.67,3,6,0,4,0
MSME_0288,1435.33,1277.69,-0.1098,69.35,18,6,0,2,1
MSME_0289,1312.4,1479.94,0.1277,87.74,28,8,1,1,1
MSME_0290,950.92,1195.47,0.2572,1425.94,16,14,0,3,0
MSME_0291,1116.75,1323.48,0.1851,232.33,2,11,0,5,0
MSME_0292,1002.8,1109.92,0.1068,5209.29,27,11,0,5,0
MSME_0293,964.25,1202.11,0.2467,229.47,17,6,0,4,1
MSME_0294,1539.84,1959.18,0.2723,485.2,7,8,0,3,0
MSME_0295,1342.81,1779.94,0.3255,1885.8,21,6,0,2,0
MSME_0296,922.84,1054.04,0.1422,2999.18,24,12,0,5,0
MSME_0297,1559.84,1463.47,-0.0618,3170.05,23,8,0,3,0
MSME_0298,1322.92,1344.98,0.0167,1350.68,25,10,0,4,0
MSME_0299,1525.14,1954.67,0.2816,1123.34,18,8,0,1,0
MSME_0300,1451.85,1126.3,-0.2242,729.62,4,9,0,4,0
MSME_0301,868.4,931.07,0.0722,878.63,6,7,0,4,0
MSME_0302,975.93,860.44,-0.1183,232.48,20,3,0,3,0
MSME_0303,1498.92,1479.71,-0.0128,178.0,7,7,0,5,1
MSME_0304,1444.15,1876.83,0.2996,402.07,27,7,0,3,0
MSME_0305,1191.64,1224.74,0.0278,340.3,4,13,0,1,0
MSME_0306,1246.93,1236.47,-0.0084,256.41,16,6,0,3,0
MSME_0307,1711.07,1095.14,-0.36,809.48,4,6,0,2,1
MSME_0308,963.37,1123.83,0.1666,1048.7,3,7,0,4,0
MSME_0309,1418.84,1619.42,0.1414,440.72,21,7,0,5,0
MSME_0310,1119.12,1678.68,0.5,1767.87,18,10,0,1,0
MSME_0311,1112.93,1005.04,-0.0969,128.81,30,13,0,4,0
MSME_0312,1639.51,1696.55,0.0348,332.4,26,11,0,3,0
MSME_0313,1530.17,1594.96,0.0423,196.99,20,6,0,2,1
MSME_0314,1525.4,2096.46,0.3744,62.39,1,11,0,3,0
MSME_0315,1722.19,1646.72,-0.0438,371.41,10,13,0,4,0
MSME_0316,1208.4,1268.53,0.0498,357.18,21,5,0,1,0
MSME_0317,1472.78,1667.15,0.132,1832.52,12,9,0,5,0
MSME_0318,1075.89,1104.57,0.0267,758.1,14,9,0,4,0
MSME_0319,1329.67,1154.67,-0.1316,144.87,11,8,1,1,1
MSME_0320,1147.94,1180.68,0.0285,2576.26,21,7,0,4,0
MSME_0321,1238.8,1546.53,0.2484,1367.9,20,7,0,2,0
MSME_0322,1438.06,1040.25,-0.2766,722.05,21,9,0,3,0
MSME_0323,872.71,884.27,0.0132,321.67,10,10,0,5,0
MSME_0324,2036.95,1639.69,-0.195,154.56,6,12,0,1,1
MSME_0325,797.59,1019.93,0.2788,278.05,27,12,0,5,0
MSME_0326,714.32,428.03,-0.4008,1198.41,4,7,0,5,0
MSME_0327,1663.24,1397.57,-0.1597,2656.03,16,9,0,5,0
MSME_0328,1516.67,1629.36,0.0743,1887.94,23,11,0,1,0
MSME_0329,1449.65,1988.02,0.3714,247.44,19,7,1,1,1
MSME_0330,1451.34,1398.45,-0.0364,131.68,8,8,0,5,0
MSME_0331,1195.1,1005.32,-0.1588,464.47,13,7,0,3,0
MSME_0332,841.1,1219.84,0.4503,68.82,25,9,0,4,0
MSME_0333,1230.32,760.33,-0.382,557.34,11,9,0,5,0
MSME_0334,929.14,399.81,-0.5697,348.07,5,14,0,2,1
MSME_0335,1590.05,1733.16,0.09,253.15,16,6,0,5,1
MSME_0336,1141.18,975.12,-0.1455,81.88,18,10,0,1,1
MSME_0337,869.8,630.34,-0.2753,674.25,18,9,0,4,0
MSME_0338,1071.45,1239.76,0.1571,236.82,25,12,0,2,1
MSME_0339,1365.17,1421.08,0.041,125.22,15,8,0,4,0
MSME_0340,974.51,817.59,-0.161,22.82,11,9,1,4,1
MSME_0341,871.11,574.87,-0.3401,392.48,11,5,0,2,1
MSME_0342,1297.47,1554.52,0.1981,2373.81,19,8,1,5,1
MSME_0343,1297.99,1483.02,0.1426,2124.43,5,9,0,5,0
MSME_0344,997.22,952.55,-0.0448,255.42,30,13,0,5,1
MSME_0345,1011.58,1458.36,0.4417,220.92,22,9,0,3,0
MSME_0346,1292.82,921.11,-0.2875,644.69,25,8,0,5,0
MSME_0347,620.77,371.6,-0.4014,148.65,3,10,0,2,1
MSME_0348,637.01,514.09,-0.193,545.55,5,10,0,3,0
MSME_0349,912.62,883.97,-0.0314,867.9,10,11,0,5,0
MSME_0350,1114.62,1160.14,0.0408,1376.0,0,5,0,3,0
MSME_0351,1324.36,1218.0,-0.0803,364.98,29,6,0,2,0
MSME_0352,1790.14,1911.9,0.068,329.09,23,11,0,5,0
MSME_0353,1543.06,1029.4,-0.3329,167.67,22,14,0,1,1
MSME_0354,1136.02,1523.34,0.3409,176.46,14,14,0,2,0
MSME_0355,1192.39,1144.06,-0.0405,321.67,26,8,0,4,0
MSME_0356,798.99,1006.19,0.2593,582.52,10,9,0,4,0
MSME_0357,1192.59,1270.93,0.0657,1005.85,24,7,0,2,0
MSME_0358,1084.54,1186.69,0.0942,180.7,18,11,0,4,1
MSME_0359,1329.09,1491.82,0.1224,1794.87,17,9,0,2,0
MSME_0360,869.11,949.0,0.0919,307.62,16,6,0,1,0
MSME_0361,1407.74,1605.78,0.1407,394.9,18,11,0,2,0
MSME_0362,1813.1,2379.3,0.3123,191.1,20,14,0,5,0
MSME_0363,1156.5,1190.19,0.0291,35.72,13,4,0,5,0
MSME_0364,1360.68,1574.65,0.1573,976.57,26,11,1,3,0
MSME_0365,1476.06,1413.42,-0.0424,842.9,17,2,0,4,0
MSME_0366,1039.51,1392.98,0.34,304.5,27,6,0,4,0
MSME_0367,1289.64,1045.77,-0.1891,431.38,18,11,0,2,1
MSME_0368,1205.04,1723.49,0.4302,675.83,14,14,0,4,0
MSME_0369,1239.07,1201.85,-0.03,84.56,30,12,1,5,1
MSME_0370,890.8,554.35,-0.3777,237.69,14,7,0,1,1
MSME_0371,1209.8,1224.35,0.012,892.71,3,10,0,2,1
MSME_0372,1399.2,1132.98,-0.1903,115.09,6,12,0,4,1
MSME_0373,1780.46,2119.03,0.1902,541.08,12,9,0,5,0
MSME_0374,1583.71,1293.64,-0.1832,103.9,2,7,0,3,1
MSME_0375,2061.27,1790.12,-0.1315,643.18,15,5,0,4,0
MSME_0376,893.06,453.33,-0.4924,389.3,30,11,0,1,0
MSME_0377,1548.93,1342.8,-0.1331,80.23,8,14,0,1,1
MSME_0378,1273.34,476.27,-0.626,1293.02,7,7,0,4,1
MSME_0379,2075.92,1212.39,-0.416,193.53,19,7,0,4,1
MSME_0380,876.68,1025.81,0.1701,179.42,12,9,0,5,0
MSME_0381,864.11,1016.58,0.1765,493.03,16,9,0,4,0
MSME_0382,960.24,1043.17,0.0864,1272.37,16,11,0,3,0
MSME_0383,350.44,258.72,-0.2617,146.08,16,8,0,5,1
MSME_0384,989.7,958.1,-0.0319,429.1,0,9,0,2,0
MSME_0385,896.35,877.61,-0.0209,619.44,7,9,0,3,0
MSME_0386,1260.16,870.02,-0.3096,806.82,18,14,0,5,0
MSME_0387,1336.7,1812.37,0.3558,481.28,30,9,0,5,0
MSME_0388,1950.47,2339.28,0.1993,279.49,5,7,0,1,0
MSME_0389,1580.17,1461.28,-0.0752,176.34,2,10,1,5,1
MSME_0390,969.24,956.37,-0.0133,439.72,26,7,0,3,0
MSME_0391,840.63,867.61,0.0321,138.08,4,8,0,4,1
MSME_0392,1396.77,655.88,-0.5304,21.73,12,7,0,3,1
MSME_0393,671.91,616.95,-0.0818,624.26,14,13,0,2,0
MSME_0394,1932.58,1564.43,-0.1905,996.19,13,5,0,5,0
MSME_0395,1671.78,1219.72,-0.2704,37.98,28,8,0,5,1
MSME_0396,1012.33,920.94,-0.0903,146.98,30,7,0,5,1
MSME_0397,514.75,735.79,0.4294,749.31,22,11,0,5,0
MSME_0398,1741.55,1985.73,0.1402,3157.37,15,4,0,1,0
MSME_0399,1154.18,966.29,-0.1628,411.91,17,8,0,1,0
MSME_0400,1695.13,1903.87,0.1231,194.8,21,7,0,4,0
MSME_0401,562.23,747.67,0.3298,336.0,28,8,0,5,0
MSME_0402,960.25,1163.01,0.2112,1595.39,21,6,0,2,0
MSME_0403,1202.1,1195.98,-0.0051,211.46,10,11,0,4,0
MSME_0404,1218.79,997.3,-0.1817,181.42,2,9,0,5,0
MSME_0405,1019.97,1177.62,0.1546,248.95,21,7,0,1,1
MSME_0406,1449.14,1562.71,0.0784,155.5,9,8,0,2,1
MSME_0407,772.95,930.48,0.2038,456.08,9,7,0,4,0
MSME_0408,1143.05,1301.7,0.1388,2048.12,29,15,0,2,1
MSME_0409,1248.12,1550.65,0.2424,557.29,20,10,0,5,0
MSME_0410,1405.78,1189.55,-0.1538,313.45,15,8,0,3,0
MSME_0411,1484.65,1943.92,0.3093,301.32,11,9,0,2,0
MSME_0412,750.14,772.2,0.0294,84.5,1,9,0,2,1
MSME_0413,586.35,878.84,0.4988,975.66,8,13,0,1,0
MSME_0414,1711.07,1382.04,-0.1923,373.22,23,11,0,5,0
MSME_0415,1332.93,1884.74,0.414,336.81,2,12,0,2,0
MSME_0416,900.61,927.15,0.0295,9829.15,23,10,0,5,0
MSME_0417,1820.46,1487.58,-0.1829,543.89,29,6,0,1,0
MSME_0418,1246.27,1070.58,-0.141,190.23,24,7,0,5,1
MSME_0419,1671.72,1504.4,-0.1001,263.39,29,9,0,1,1
MSME_0420,1227.01,1332.58,0.086,1272.13,14,7,0,1,0
MSME_0421,2024.3,2248.41,0.1107,451.81,2,11,0,4,0
MSME_0422,1902.14,1591.28,-0.1634,95.75,18,11,0,5,1
MSME_0423,1100.41,1071.71,-0.0261,1011.54,17,8,0,3,0
MSME_0424,1588.63,2382.94,0.5,206.82,7,9,1,4,1
MSME_0425,1458.15,2058.74,0.4119,2626.21,25,13,0,1,1
MSME_0426,1747.45,1903.12,0.0891,1188.03,16,9,0,3,0
MSME_0427,814.03,805.48,-0.0105,257.93,7,9,0,2,0
MSME_0428,1474.42,1489.18,0.01,1452.46,6,13,0,2,0
MSME_0429,1623.37,1839.89,0.1334,431.75,29,6,0,4,0
MSME_0430,496.5,359.62,-0.2757,946.5,6,7,0,3,0
MSME_0431,726.7,665.4,-0.0843,655.06,2,10,0,5,0
MSME_0432,384.31,216.31,-0.4371,173.06,0,9,0,3,1
MSME_0433,1092.24,1179.4,0.0798,211.97,3,14,0,4,0
MSME_0434,1487.02,1697.87,0.1418,1129.99,24,6,0,5,0
MSME_0435,1800.94,1547.38,-0.1408,288.65,4,9,0,5,0
MSME_0436,1229.64,1688.9,0.3735,269.44,0,5,0,2,1
MSME_0437,1851.45,1247.06,-0.3264,155.23,14,4,0,3,1
MSME_0438,647.96,397.79,-0.3861,616.22,4,14,0,5,0
MSME_0439,518.65,537.38,0.0361,3173.29,12,7,0,4,0
MSME_0440,1177.78,1462.54,0.2418,138.72,7,8,0,2,1
MSME_0441,1353.63,1896.41,0.401,413.32,7,11,0,5,0
MSME_0442,1186.92,1027.02,-0.1347,1656.1,4,8,0,3,0
MSME_0443,373.02,466.16,0.2497,372.55,27,9,0,2,0
MSME_0444,1164.35,1129.86,-0.0296,634.2,8,9,0,3,0
MSME_0445,678.21,635.38,-0.0632,139.44,30,8,0,3,1
MSME_0446,1467.87,1762.79,0.2009,619.12,0,9,0,3,0
MSME_0447,1346.64,1539.32,0.1431,334.57,3,9,0,2,0
MSME_0448,824.05,482.81,-0.4141,1081.1,2,10,0,5,1
MSME_0449,994.45,1341.65,0.3491,1322.64,1,7,0,1,0
MSME_0450,776.31,1028.63,0.325,5375.27,30,9,0,5,0
MSME_0451,1174.93,967.68,-0.1764,720.28,7,12,0,2,0
MSME_0452,1582.06,1706.96,0.079,558.8,22,13,0,1,0
MSME_0453,805.71,889.11,0.1035,489.99,8,8,0,1,1
MSME_0454,1401.62,1464.93,0.0452,283.39,1,10,0,1,0
MSME_0455,987.9,832.23,-0.1576,565.94,13,7,0,4,0
MSME_0456,882.85,716.96,-0.1879,300.24,13,10,0,2,0
MSME_0457,1157.19,1126.65,-0.0264,477.45,3,6,0,4,0
MSME_0458,785.9,1000.6,0.2732,1506.58,29,14,0,1,0
MSME_0459,978.54,1091.95,0.1159,147.45,30,13,0,4,0
MSME_0460,720.85,639.64,-0.1127,1261.28,5,9,0,4,0
MSME_0461,1985.89,2329.3,0.1729,1505.85,10,9,0,2,0
MSME_0462,1214.11,325.22,-0.7321,358.5,2,6,0,3,0
MSME_0463,920.11,1165.96,0.2672,48.33,7,10,0,4,0
MSME_0464,1285.59,700.74,-0.4549,219.68,2,4,0,4,1
MSME_0465,1155.07,1027.31,-0.1106,1475.86,13,9,0,1,1
MSME_0466,1111.61,778.22,-0.2999,394.31,27,11,0,1,0
MSME_0467,1445.67,948.83,-0.3437,148.52,12,9,0,1,1
MSME_0468,1503.0,1909.12,0.2702,243.53,12,14,0,5,0
MSME_0469,987.8,852.54,-0.1369,935.07,1,4,0,4,0
MSME_0470,969.67,1034.28,0.0666,696.96,12,10,0,1,0
MSME_0471,1089.98,1055.39,-0.0317,317.69,28,5,0,2,0
MSME_0472,279.23,306.95,0.0993,279.55,18,13,0,5,0
MSME_0473,593.92,593.45,-0.0008,272.66,26,9,0,3,0
MSME_0474,1746.75,1151.55,-0.3407,160.39,5,7,0,4,1
MSME_0475,1857.99,2283.59,0.2291,2029.16,15,9,0,4,0
MSME_0476,1100.39,942.55,-0.1434,292.27,1,9,0,2,1
MSME_0477,1430.62,845.29,-0.4091,1362.61,7,8,0,3,0
MSME_0478,1324.5,1156.25,-0.127,1847.0,16,10,0,3,0
MSME_0479,2431.55,3295.22,0.3552,1094.78,22,10,0,5,0
MSME_0480,1647.83,1965.13,0.1926,262.01,1,7,0,4,0
MSME_0481,1148.83,1025.72,-0.1072,604.09,9,6,0,1,0
MSME_0482,817.78,730.02,-0.1073,393.78,27,8,0,2,0
MSME_0483,557.42,501.45,-0.1004,163.42,15,9,1,2,1
MSME_0484,1281.39,1921.04,0.4992,558.0,5,9,0,2,0
MSME_0485,897.46,965.2,0.0755,124.08,27,8,0,2,1
MSME_0486,631.1,686.33,0.0875,1323.03,1,9,0,1,0
MSME_0487,941.37,1165.01,0.2376,253.5,1,6,0,1,1
MSME_0488,767.38,797.84,0.0397,493.32,25,13,0,5,0
MSME_0489,1874.86,1715.94,-0.0848,535.55,12,8,0,4,0
MSME_0490,1552.66,1445.39,-0.0691,311.41,23,11,0,1,0
MSME_0491,1196.81,1151.45,-0.0379,725.38,14,6,0,5,0
MSME_0492,1791.98,1739.46,-0.0293,250.91,30,9,0,3,0
MSME_0493,1230.95,1430.25,0.1619,964.2,27,7,0,4,0
MSME_0494,855.49,849.49,-0.007,105.01,1,7,0,1,1
MSME_0495,1809.25,2104.45,0.1632,457.78,6,12,0,3,0
MSME_0496,1415.56,1358.69,-0.0402,2804.36,2,11,0,5,0
MSME_0497,785.1,784.83,-0.0003,148.36,7,10,0,1,1
MSME_0498,1123.86,539.96,-0.5196,204.85,22,10,0,1,1
MSME_0499,849.75,1027.42,0.2091,674.46,13,10,0,3,0
MSME_0500,646.88,689.98,0.0666,482.79,23,6,1,1,1
MSME_0501,1570.47,1930.9,0.2295,572.85,29,12,0,2,0
MSME_0502,1963.77,502.6,-0.7441,657.99,22,8,0,1,1
MSME_0503,640.57,960.86,0.5,761.07,26,7,0,4,0
MSME_0504,1425.19,1346.95,-0.0549,1223.78,21,6,0,3,0
MSME_0505,939.74,1181.3,0.257,607.78,28,11,0,4,0
MSME_0506,1005.15,723.73,-0.28,316.95,6,9,0,5,0
MSME_0507,963.04,1091.31,0.1332,790.43,20,11,0,4,0
MSME_0508,854.4,612.31,-0.2834,2696.96,6,10,0,2,1
MSME_0509,1219.41,1004.86,-0.1759,353.32,0,11,0,2,0
MSME_0510,867.62,1265.43,0.4585,152.24,16,10,0,4,0
MSME_0511,1308.18,1219.66,-0.0677,1220.58,8,10,0,5,0
MSME_0512,1179.9,1220.44,0.0344,357.67,29,12,0,1,0
MSME_0513,1104.42,1322.56,0.1975,45.94,20,11,0,2,1
MSME_0514,836.97,923.95,0.1039,941.45,12,8,0,4,0
MSME_0515,969.29,986.36,0.0176,236.2,20,10,0,4,1
MSME_0516,1502.16,1609.17,0.0712,368.51,18,10,0,4,0
MSME_0517,1400.37,2100.55,0.5,562.27,20,3,0,1,0
MSME_0518,808.98,781.15,-0.0344,488.09,18,12,0,3,0
MSME_0519,1239.73,1277.27,0.0303,820.12,24,10,0,5,0
MSME_0520,1500.55,1864.68,0.2427,261.0,24,6,0,3,0
MSME_0521,532.24,668.69,0.2564,673.92,21,3,0,5,0
MSME_0522,1417.34,1809.6,0.2768,311.21,30,7,0,5,0
MSME_0523,934.95,1065.55,0.1397,844.56,16,7,0,4,0
MSME_0524,1428.24,991.55,-0.3058,746.48,22,7,0,2,1
MSME_0525,894.7,1242.16,0.3884,158.31,22,9,0,4,0
MSME_0526,478.05,331.48,-0.3066,1195.1,29,8,0,1,0
MSME_0527,548.98,579.54,0.0557,236.05,9,8,0,5,0
MSME_0528,1219.23,964.94,-0.2086,905.11,9,7,0,2,1
MSME_0529,1303.89,1256.9,-0.036,582.48,3,9,0,5,0
MSME_0530,838.27,890.41,0.0622,2535.6,7,10,0,5,0
MSME_0531,1455.44,1543.26,0.0603,322.64,21,9,0,4,0
MSME_0532,535.39,581.16,0.0855,284.49,19,8,0,2,0
MSME_0533,1173.57,1623.55,0.3834,395.67,19,13,0,2,0
MSME_0534,715.59,782.42,0.0934,297.92,17,9,0,5,0
MSME_0535,939.27,863.15,-0.081,897.8,13,7,0,2,0
MSME_0536,1218.96,1488.38,0.221,80.13,17,10,0,2,1
MSME_0537,855.83,1093.22,0.2774,140.66,27,8,0,4,0
MSME_0538,1046.18,704.18,-0.3269,138.68,13,9,0,3,0
MSME_0539,1602.52,1809.8,0.1294,1043.47,19,10,0,1,0
MSME_0540,969.24,1119.76,0.1553,2231.91,20,8,0,3,0
MSME_0541,1534.28,1389.46,-0.0944,363.42,23,8,0,2,0
MSME_0542,748.12,990.45,0.3239,340.76,14,7,0,5,0
MSME_0543,1411.92,1330.72,-0.0575,432.7,21,8,0,1,0
MSME_0544,1776.63,1796.87,0.0114,1289.33,29,11,0,1,0
MSME_0545,211.34,197.97,-0.0633,159.6,30,11,0,5,1
MSME_0546,881.24,867.05,-0.0161,512.02,3,8,1,1,1
MSME_0547,1430.83,1010.07,-0.2941,1069.77,12,11,0,5,0
MSME_0548,1118.78,693.63,-0.38,665.87,26,7,0,1,1
MSME_0549,1348.46,1859.02,0.3786,487.64,22,9,0,3,0
MSME_0550,958.41,736.3,-0.2317,1097.78,7,8,0,1,0
MSME_0551,1234.64,903.94,-0.2678,27.03,17,8,0,4,0
MSME_0552,1137.73,502.48,-0.5583,794.63,11,9,0,5,0
MSME_0553,1667.11,1367.47,-0.1797,209.75,22,10,0,1,1
MSME_0554,1301.77,845.14,-0.3508,64.67,30,10,0,5,1
MSME_0555,1335.04,1856.38,0.3905,672.63,13,11,0,4,0
MSME_0556,1035.25,1275.9,0.2325,1593.45,1,8,0,1,0
MSME_0557,1004.96,811.97,-0.192,351.62,17,5,1,1,1
MSME_0558,1026.98,1540.47,0.5,1046.15,23,7,0,4,0
MSME_0559,1357.78,1663.88,0.2254,2022.88,1,8,0,4,0
MSME_0560,1031.61,927.2,-0.1012,1502.54,30,7,0,4,0
MSME_0561,1315.91,467.34,-0.6449,2079.67,10,11,0,5,1
MSME_0562,2030.16,3045.24,0.5,847.36,8,8,0,4,0
MSME_0563,1548.45,979.56,-0.3674,435.04,11,16,0,5,0
MSME_0564,1069.59,608.22,-0.4313,81.29,16,6,0,3,1
MSME_0565,1680.49,2076.48,0.2356,315.43,14,6,0,1,0
MSME_0566,1036.77,1555.15,0.5,173.6,24,7,0,1,0
MSME_0567,384.75,510.2,0.3261,3536.68,30,9,0,2,0
MSME_0568,796.77,893.16,0.121,338.36,16,14,0,3,0
MSME_0569,451.68,509.81,0.1287,456.32,25,9,0,4,0
MSME_0570,1059.39,1264.23,0.1934,700.28,28,7,0,4,0
MSME_0571,1207.37,1412.3,0.1697,421.41,25,14,0,3,0
MSME_0572,1870.57,1964.66,0.0503,2197.45,17,6,0,4,0
MSME_0573,1330.77,1338.82,0.0061,216.45,21,8,0,2,0
MSME_0574,1112.36,1072.71,-0.0356,490.1,5,7,0,5,0
MSME_0575,1531.76,1212.4,-0.2085,192.01,16,7,0,1,1
MSME_0576,315.55,287.09,-0.0902,107.77,22,8,0,3,0
MSME_0577,1294.25,720.59,-0.4432,218.82,23,9,0,1,1
MSME_0578,1508.35,1441.1,-0.0446,388.76,17,7,0,5,0
MSME_0579,608.57,445.99,-0.2671,262.62,7,10,0,3,1
MSME_0580,1657.5,1167.05,-0.2959,201.86,8,8,0,5,1
MSME_0581,1335.4,1368.75,0.025,98.86,5,7,0,4,0
MSME_0582,1033.88,1373.0,0.328,371.26,4,7,0,4,0
MSME_0583,1453.11,1757.65,0.2096,89.59,11,7,1,4,1
MSME_0584,2108.28,1238.35,-0.4126,862.69,24,6,0,5,0
MSME_0585,1272.75,932.41,-0.2674,438.1,28,8,0,5,0
MSME_0586,1299.29,1578.89,0.2152,93.92,27,5,0,5,1
MSME_0587,1016.26,746.32,-0.2656,296.13,10,13,0,1,1
MSME_0588,860.06,794.56,-0.0762,190.16,24,7,0,5,1
MSME_0589,1532.13,1712.18,0.1175,555.11,0,11,0,4,0
MSME_0590,857.57,632.81,-0.2621,1541.41,10,5,0,2,1
MSME_0591,1228.63,1236.42,0.0063,61.86,18,9,0,5,0
MSME_0592,1008.94,652.27,-0.3535,452.61,8,3,0,2,1
MSME_0593,1391.59,1154.55,-0.1703,343.73,26,7,0,4,0
MSME_0594,1333.46,1413.4,0.0599,789.45,1,10,0,5,0
MSME_0595,1615.02,939.54,-0.4182,499.29,11,7,0,1,1
MSME_0596,995.99,1085.75,0.0901,190.19,3,11,0,1,1
MSME_0597,1092.05,1064.85,-0.0249,293.23,3,7,0,2,0
MSME_0598,808.49,904.0,0.1181,181.99,17,9,0,1,1
MSME_0599,1022.28,1059.06,0.036,1183.23,14,4,0,1,0
MSME_0600,1350.92,1784.61,0.321,412.12,18,6,0,1,0
